{
    "loss": 0.16342918574810028,
    "accuracy": 0.8627451062202454
}